country,alpha_2_code,alpha_3_code,numeric_code,indicator,time_period,obs_value,sex
Afghanistan,AF,AFG,4,Exclusively Breastfed for the First Two Days After Birth,2015,55.3,Female
Afghanistan,AF,AFG,4,Exclusively Breastfed for the First Two Days After Birth,2022,61.7,Female
Afghanistan,AF,AFG,4,Exclusively Breastfed for the First Two Days After Birth,2015,53.3,Male
Afghanistan,AF,AFG,4,Exclusively Breastfed for the First Two Days After Birth,2022,62.2,Male
Afghanistan,AF,AFG,4,Exclusively Breastfed for the First Two Days After Birth,2015,54.3,Total
Afghanistan,AF,AFG,4,Exclusively Breastfed for the First Two Days After Birth,2022,62,Total
Albania,AL,ALB,8,Exclusively Breastfed for the First Two Days After Birth,2009,76,Female
Albania,AL,ALB,8,Exclusively Breastfed for the First Two Days After Birth,2017,70.7,Female
Albania,AL,ALB,8,Exclusively Breastfed for the First Two Days After Birth,2009,81.5,Male
Albania,AL,ALB,8,Exclusively Breastfed for the First Two Days After Birth,2017,72.8,Male
Albania,AL,ALB,8,Exclusively Breastfed for the First Two Days After Birth,2009,79.1,Total
Albania,AL,ALB,8,Exclusively Breastfed for the First Two Days After Birth,2017,71.8,Total
Algeria,DZ,DZA,12,Exclusively Breastfed for the First Two Days After Birth,2019,40.4,Female
Algeria,DZ,DZA,12,Exclusively Breastfed for the First Two Days After Birth,2019,39.2,Male
Algeria,DZ,DZA,12,Exclusively Breastfed for the First Two Days After Birth,2012,39.4,Total
Algeria,DZ,DZA,12,Exclusively Breastfed for the First Two Days After Birth,2019,39.8,Total
Angola,AO,AGO,24,Exclusively Breastfed for the First Two Days After Birth,2015,85.2,Female
Angola,AO,AGO,24,Exclusively Breastfed for the First Two Days After Birth,2015,84.4,Male
Angola,AO,AGO,24,Exclusively Breastfed for the First Two Days After Birth,2015,84.8,Total
Armenia,AM,ARM,51,Exclusively Breastfed for the First Two Days After Birth,2000,84.6,Female
Armenia,AM,ARM,51,Exclusively Breastfed for the First Two Days After Birth,2005,84.2,Female
Armenia,AM,ARM,51,Exclusively Breastfed for the First Two Days After Birth,2010,88.3,Female
Armenia,AM,ARM,51,Exclusively Breastfed for the First Two Days After Birth,2016,83.5,Female
Armenia,AM,ARM,51,Exclusively Breastfed for the First Two Days After Birth,2000,86.6,Male
Armenia,AM,ARM,51,Exclusively Breastfed for the First Two Days After Birth,2005,89.2,Male
Armenia,AM,ARM,51,Exclusively Breastfed for the First Two Days After Birth,2010,85.4,Male
Armenia,AM,ARM,51,Exclusively Breastfed for the First Two Days After Birth,2016,82.8,Male
Armenia,AM,ARM,51,Exclusively Breastfed for the First Two Days After Birth,2000,85.8,Total
Armenia,AM,ARM,51,Exclusively Breastfed for the First Two Days After Birth,2005,87,Total
Armenia,AM,ARM,51,Exclusively Breastfed for the First Two Days After Birth,2010,86.8,Total
Armenia,AM,ARM,51,Exclusively Breastfed for the First Two Days After Birth,2016,83.1,Total
Azerbaijan,AZ,AZE,31,Exclusively Breastfed for the First Two Days After Birth,2006,49.2,Female
Azerbaijan,AZ,AZE,31,Exclusively Breastfed for the First Two Days After Birth,2006,54.1,Male
Azerbaijan,AZ,AZE,31,Exclusively Breastfed for the First Two Days After Birth,2006,51.9,Total
Bangladesh,BD,BGD,50,Exclusively Breastfed for the First Two Days After Birth,2007,39.6,Female
Bangladesh,BD,BGD,50,Exclusively Breastfed for the First Two Days After Birth,2011,61.5,Female
Bangladesh,BD,BGD,50,Exclusively Breastfed for the First Two Days After Birth,2014,72.6,Female
Bangladesh,BD,BGD,50,Exclusively Breastfed for the First Two Days After Birth,2018,69.8,Female
Bangladesh,BD,BGD,50,Exclusively Breastfed for the First Two Days After Birth,2019,75.3,Female
Bangladesh,BD,BGD,50,Exclusively Breastfed for the First Two Days After Birth,2007,39.9,Male
Bangladesh,BD,BGD,50,Exclusively Breastfed for the First Two Days After Birth,2011,59.3,Male
Bangladesh,BD,BGD,50,Exclusively Breastfed for the First Two Days After Birth,2014,70,Male
Bangladesh,BD,BGD,50,Exclusively Breastfed for the First Two Days After Birth,2018,70.7,Male
Bangladesh,BD,BGD,50,Exclusively Breastfed for the First Two Days After Birth,2019,73.5,Male
Bangladesh,BD,BGD,50,Exclusively Breastfed for the First Two Days After Birth,2007,39.7,Total
Bangladesh,BD,BGD,50,Exclusively Breastfed for the First Two Days After Birth,2011,60.4,Total
Bangladesh,BD,BGD,50,Exclusively Breastfed for the First Two Days After Birth,2013,74.4,Total
Bangladesh,BD,BGD,50,Exclusively Breastfed for the First Two Days After Birth,2014,71.2,Total
Bangladesh,BD,BGD,50,Exclusively Breastfed for the First Two Days After Birth,2018,70.3,Total
Bangladesh,BD,BGD,50,Exclusively Breastfed for the First Two Days After Birth,2019,74.4,Total
Barbados,BB,BRB,52,Exclusively Breastfed for the First Two Days After Birth,2012,48.4,Total
Belarus,BY,BLR,112,Exclusively Breastfed for the First Two Days After Birth,2019,40,Female
Belarus,BY,BLR,112,Exclusively Breastfed for the First Two Days After Birth,2019,41,Male
Belarus,BY,BLR,112,Exclusively Breastfed for the First Two Days After Birth,2012,47.6,Total
Belarus,BY,BLR,112,Exclusively Breastfed for the First Two Days After Birth,2019,40.5,Total
Belize,BZ,BLZ,84,Exclusively Breastfed for the First Two Days After Birth,2011,70.3,Total
Belize,BZ,BLZ,84,Exclusively Breastfed for the First Two Days After Birth,2015,78.8,Total
Benin,BJ,BEN,204,Exclusively Breastfed for the First Two Days After Birth,2001,62,Female
Benin,BJ,BEN,204,Exclusively Breastfed for the First Two Days After Birth,2006,74.9,Female
Benin,BJ,BEN,204,Exclusively Breastfed for the First Two Days After Birth,2012,77.1,Female
Benin,BJ,BEN,204,Exclusively Breastfed for the First Two Days After Birth,2018,79.6,Female
Benin,BJ,BEN,204,Exclusively Breastfed for the First Two Days After Birth,2001,62.5,Male
Benin,BJ,BEN,204,Exclusively Breastfed for the First Two Days After Birth,2006,74.2,Male
Benin,BJ,BEN,204,Exclusively Breastfed for the First Two Days After Birth,2012,76.4,Male
Benin,BJ,BEN,204,Exclusively Breastfed for the First Two Days After Birth,2018,78.8,Male
Benin,BJ,BEN,204,Exclusively Breastfed for the First Two Days After Birth,2001,62.3,Total
Benin,BJ,BEN,204,Exclusively Breastfed for the First Two Days After Birth,2006,74.5,Total
Benin,BJ,BEN,204,Exclusively Breastfed for the First Two Days After Birth,2012,76.8,Total
Benin,BJ,BEN,204,Exclusively Breastfed for the First Two Days After Birth,2014,75.2,Total
Benin,BJ,BEN,204,Exclusively Breastfed for the First Two Days After Birth,2018,79.2,Total
Bhutan,BT,BTN,64,Exclusively Breastfed for the First Two Days After Birth,2010,90.8,Total
"Bolivia, Plurinational State of",BO,BOL,68,Exclusively Breastfed for the First Two Days After Birth,2003,67.1,Female
"Bolivia, Plurinational State of",BO,BOL,68,Exclusively Breastfed for the First Two Days After Birth,2008,69.9,Female
"Bolivia, Plurinational State of",BO,BOL,68,Exclusively Breastfed for the First Two Days After Birth,2016,69.9,Female
"Bolivia, Plurinational State of",BO,BOL,68,Exclusively Breastfed for the First Two Days After Birth,2003,67.1,Male
"Bolivia, Plurinational State of",BO,BOL,68,Exclusively Breastfed for the First Two Days After Birth,2008,72,Male
"Bolivia, Plurinational State of",BO,BOL,68,Exclusively Breastfed for the First Two Days After Birth,2016,64.7,Male
"Bolivia, Plurinational State of",BO,BOL,68,Exclusively Breastfed for the First Two Days After Birth,2003,67.1,Total
"Bolivia, Plurinational State of",BO,BOL,68,Exclusively Breastfed for the First Two Days After Birth,2008,71,Total
"Bolivia, Plurinational State of",BO,BOL,68,Exclusively Breastfed for the First Two Days After Birth,2016,67.3,Total
Bosnia and Herzegovina,BA,BIH,70,Exclusively Breastfed for the First Two Days After Birth,2012,73.9,Total
Burkina Faso,BF,BFA,854,Exclusively Breastfed for the First Two Days After Birth,2003,25,Female
Burkina Faso,BF,BFA,854,Exclusively Breastfed for the First Two Days After Birth,2010,64.3,Female
Burkina Faso,BF,BFA,854,Exclusively Breastfed for the First Two Days After Birth,2021,78.6,Female
Burkina Faso,BF,BFA,854,Exclusively Breastfed for the First Two Days After Birth,2003,26.4,Male
Burkina Faso,BF,BFA,854,Exclusively Breastfed for the First Two Days After Birth,2010,61.9,Male
Burkina Faso,BF,BFA,854,Exclusively Breastfed for the First Two Days After Birth,2021,78.1,Male
Burkina Faso,BF,BFA,854,Exclusively Breastfed for the First Two Days After Birth,2003,25.7,Total
Burkina Faso,BF,BFA,854,Exclusively Breastfed for the First Two Days After Birth,2010,63.1,Total
Burkina Faso,BF,BFA,854,Exclusively Breastfed for the First Two Days After Birth,2021,78.3,Total
Burundi,BI,BDI,108,Exclusively Breastfed for the First Two Days After Birth,2010,92.1,Female
Burundi,BI,BDI,108,Exclusively Breastfed for the First Two Days After Birth,2016,93.9,Female
Burundi,BI,BDI,108,Exclusively Breastfed for the First Two Days After Birth,2010,90.2,Male
Burundi,BI,BDI,108,Exclusively Breastfed for the First Two Days After Birth,2016,93,Male
Burundi,BI,BDI,108,Exclusively Breastfed for the First Two Days After Birth,2010,91.1,Total
Burundi,BI,BDI,108,Exclusively Breastfed for the First Two Days After Birth,2016,93.5,Total
Cambodia,KH,KHM,116,Exclusively Breastfed for the First Two Days After Birth,2000,5.9,Female
Cambodia,KH,KHM,116,Exclusively Breastfed for the First Two Days After Birth,2005,55.5,Female
Cambodia,KH,KHM,116,Exclusively Breastfed for the First Two Days After Birth,2010,78.8,Female
Cambodia,KH,KHM,116,Exclusively Breastfed for the First Two Days After Birth,2014,68.5,Female
Cambodia,KH,KHM,116,Exclusively Breastfed for the First Two Days After Birth,2021,49.2,Female
Cambodia,KH,KHM,116,Exclusively Breastfed for the First Two Days After Birth,2000,5.5,Male
Cambodia,KH,KHM,116,Exclusively Breastfed for the First Two Days After Birth,2005,52.7,Male
Cambodia,KH,KHM,116,Exclusively Breastfed for the First Two Days After Birth,2010,76.3,Male
Cambodia,KH,KHM,116,Exclusively Breastfed for the First Two Days After Birth,2014,70.6,Male
Cambodia,KH,KHM,116,Exclusively Breastfed for the First Two Days After Birth,2021,51.6,Male
Cambodia,KH,KHM,116,Exclusively Breastfed for the First Two Days After Birth,2000,5.7,Total
Cambodia,KH,KHM,116,Exclusively Breastfed for the First Two Days After Birth,2005,54.1,Total
Cambodia,KH,KHM,116,Exclusively Breastfed for the First Two Days After Birth,2010,77.5,Total
Cambodia,KH,KHM,116,Exclusively Breastfed for the First Two Days After Birth,2014,69.6,Total
Cambodia,KH,KHM,116,Exclusively Breastfed for the First Two Days After Birth,2021,50.4,Total
Cameroon,CM,CMR,120,Exclusively Breastfed for the First Two Days After Birth,2004,38.7,Female
Cameroon,CM,CMR,120,Exclusively Breastfed for the First Two Days After Birth,2011,46,Female
Cameroon,CM,CMR,120,Exclusively Breastfed for the First Two Days After Birth,2018,62.4,Female
Cameroon,CM,CMR,120,Exclusively Breastfed for the First Two Days After Birth,2004,36.7,Male
Cameroon,CM,CMR,120,Exclusively Breastfed for the First Two Days After Birth,2011,45.9,Male
Cameroon,CM,CMR,120,Exclusively Breastfed for the First Two Days After Birth,2018,61.3,Male
Cameroon,CM,CMR,120,Exclusively Breastfed for the First Two Days After Birth,2004,37.7,Total
Cameroon,CM,CMR,120,Exclusively Breastfed for the First Two Days After Birth,2011,46,Total
Cameroon,CM,CMR,120,Exclusively Breastfed for the First Two Days After Birth,2014,49.1,Total
Cameroon,CM,CMR,120,Exclusively Breastfed for the First Two Days After Birth,2018,61.8,Total
Central African Republic,CF,CAF,140,Exclusively Breastfed for the First Two Days After Birth,2019,86.6,Female
Central African Republic,CF,CAF,140,Exclusively Breastfed for the First Two Days After Birth,2019,86.9,Male
Central African Republic,CF,CAF,140,Exclusively Breastfed for the First Two Days After Birth,2010,80.3,Total
Central African Republic,CF,CAF,140,Exclusively Breastfed for the First Two Days After Birth,2019,86.8,Total
Chad,TD,TCD,148,Exclusively Breastfed for the First Two Days After Birth,2004,3,Female
Chad,TD,TCD,148,Exclusively Breastfed for the First Two Days After Birth,2015,11.3,Female
Chad,TD,TCD,148,Exclusively Breastfed for the First Two Days After Birth,2019,15,Female
Chad,TD,TCD,148,Exclusively Breastfed for the First Two Days After Birth,2022,31.1,Female
Chad,TD,TCD,148,Exclusively Breastfed for the First Two Days After Birth,2004,2.4,Male
Chad,TD,TCD,148,Exclusively Breastfed for the First Two Days After Birth,2015,10.4,Male
Chad,TD,TCD,148,Exclusively Breastfed for the First Two Days After Birth,2019,13.8,Male
Chad,TD,TCD,148,Exclusively Breastfed for the First Two Days After Birth,2022,30.2,Male
Chad,TD,TCD,148,Exclusively Breastfed for the First Two Days After Birth,2004,2.7,Total
Chad,TD,TCD,148,Exclusively Breastfed for the First Two Days After Birth,2010,9.2,Total
Chad,TD,TCD,148,Exclusively Breastfed for the First Two Days After Birth,2015,10.8,Total
Chad,TD,TCD,148,Exclusively Breastfed for the First Two Days After Birth,2019,14.4,Total
Chad,TD,TCD,148,Exclusively Breastfed for the First Two Days After Birth,2022,30.7,Total
Colombia,CO,COL,170,Exclusively Breastfed for the First Two Days After Birth,2010,61.7,Female
Colombia,CO,COL,170,Exclusively Breastfed for the First Two Days After Birth,2010,60,Male
Colombia,CO,COL,170,Exclusively Breastfed for the First Two Days After Birth,2010,60.8,Total
Comoros,KM,COM,174,Exclusively Breastfed for the First Two Days After Birth,2012,56.9,Female
Comoros,KM,COM,174,Exclusively Breastfed for the First Two Days After Birth,2012,51.3,Male
Comoros,KM,COM,174,Exclusively Breastfed for the First Two Days After Birth,2012,54,Total
Congo,CG,COG,178,Exclusively Breastfed for the First Two Days After Birth,2011,59.9,Female
Congo,CG,COG,178,Exclusively Breastfed for the First Two Days After Birth,2011,58.6,Male
Congo,CG,COG,178,Exclusively Breastfed for the First Two Days After Birth,2011,59.3,Total
Congo,CG,COG,178,Exclusively Breastfed for the First Two Days After Birth,2014,67,Total
Costa Rica,CR,CRI,188,Exclusively Breastfed for the First Two Days After Birth,2011,76.8,Total
Costa Rica,CR,CRI,188,Exclusively Breastfed for the First Two Days After Birth,2018,65.2,Total
Cuba,CU,CUB,192,Exclusively Breastfed for the First Two Days After Birth,2010,82.6,Total
Cuba,CU,CUB,192,Exclusively Breastfed for the First Two Days After Birth,2014,85.4,Total
Cuba,CU,CUB,192,Exclusively Breastfed for the First Two Days After Birth,2019,91.8,Total
Ivory Coast,CI,CIV,384,Exclusively Breastfed for the First Two Days After Birth,2012,32.1,Female
Ivory Coast,CI,CIV,384,Exclusively Breastfed for the First Two Days After Birth,2021,60.7,Female
Ivory Coast,CI,CIV,384,Exclusively Breastfed for the First Two Days After Birth,2012,30.2,Male
Ivory Coast,CI,CIV,384,Exclusively Breastfed for the First Two Days After Birth,2021,63.8,Male
Ivory Coast,CI,CIV,384,Exclusively Breastfed for the First Two Days After Birth,2012,31.2,Total
Ivory Coast,CI,CIV,384,Exclusively Breastfed for the First Two Days After Birth,2016,53.3,Total
Ivory Coast,CI,CIV,384,Exclusively Breastfed for the First Two Days After Birth,2021,62.3,Total
"Congo, the Democratic Republic of the",CD,COD,180,Exclusively Breastfed for the First Two Days After Birth,2007,82.9,Female
"Congo, the Democratic Republic of the",CD,COD,180,Exclusively Breastfed for the First Two Days After Birth,2013,88.2,Female
"Congo, the Democratic Republic of the",CD,COD,180,Exclusively Breastfed for the First Two Days After Birth,2017,89.8,Female
"Congo, the Democratic Republic of the",CD,COD,180,Exclusively Breastfed for the First Two Days After Birth,2007,80.1,Male
"Congo, the Democratic Republic of the",CD,COD,180,Exclusively Breastfed for the First Two Days After Birth,2013,86.2,Male
"Congo, the Democratic Republic of the",CD,COD,180,Exclusively Breastfed for the First Two Days After Birth,2017,88,Male
"Congo, the Democratic Republic of the",CD,COD,180,Exclusively Breastfed for the First Two Days After Birth,2007,81.5,Total
"Congo, the Democratic Republic of the",CD,COD,180,Exclusively Breastfed for the First Two Days After Birth,2010,85.1,Total
"Congo, the Democratic Republic of the",CD,COD,180,Exclusively Breastfed for the First Two Days After Birth,2013,87.2,Total
"Congo, the Democratic Republic of the",CD,COD,180,Exclusively Breastfed for the First Two Days After Birth,2017,88.9,Total
Dominican Republic,DO,DOM,214,Exclusively Breastfed for the First Two Days After Birth,2002,55.9,Female
Dominican Republic,DO,DOM,214,Exclusively Breastfed for the First Two Days After Birth,2007,39.4,Female
Dominican Republic,DO,DOM,214,Exclusively Breastfed for the First Two Days After Birth,2013,33.5,Female
Dominican Republic,DO,DOM,214,Exclusively Breastfed for the First Two Days After Birth,2019,40.2,Female
Dominican Republic,DO,DOM,214,Exclusively Breastfed for the First Two Days After Birth,2002,55,Male
Dominican Republic,DO,DOM,214,Exclusively Breastfed for the First Two Days After Birth,2007,39,Male
Dominican Republic,DO,DOM,214,Exclusively Breastfed for the First Two Days After Birth,2013,30.5,Male
Dominican Republic,DO,DOM,214,Exclusively Breastfed for the First Two Days After Birth,2019,40.5,Male
Dominican Republic,DO,DOM,214,Exclusively Breastfed for the First Two Days After Birth,2002,55.5,Total
Dominican Republic,DO,DOM,214,Exclusively Breastfed for the First Two Days After Birth,2007,39.2,Total
Dominican Republic,DO,DOM,214,Exclusively Breastfed for the First Two Days After Birth,2013,32,Total
Dominican Republic,DO,DOM,214,Exclusively Breastfed for the First Two Days After Birth,2014,36.8,Total
Dominican Republic,DO,DOM,214,Exclusively Breastfed for the First Two Days After Birth,2019,40.4,Total
Egypt,EG,EGY,818,Exclusively Breastfed for the First Two Days After Birth,2000,41.2,Female
Egypt,EG,EGY,818,Exclusively Breastfed for the First Two Days After Birth,2005,46.2,Female
Egypt,EG,EGY,818,Exclusively Breastfed for the First Two Days After Birth,2008,51,Female
Egypt,EG,EGY,818,Exclusively Breastfed for the First Two Days After Birth,2014,36.5,Female
Egypt,EG,EGY,818,Exclusively Breastfed for the First Two Days After Birth,2000,41.7,Male
Egypt,EG,EGY,818,Exclusively Breastfed for the First Two Days After Birth,2005,46.7,Male
Egypt,EG,EGY,818,Exclusively Breastfed for the First Two Days After Birth,2008,50.5,Male
Egypt,EG,EGY,818,Exclusively Breastfed for the First Two Days After Birth,2014,37.6,Male
Egypt,EG,EGY,818,Exclusively Breastfed for the First Two Days After Birth,2000,41.5,Total
Egypt,EG,EGY,818,Exclusively Breastfed for the First Two Days After Birth,2005,46.5,Total
Egypt,EG,EGY,818,Exclusively Breastfed for the First Two Days After Birth,2008,50.7,Total
Egypt,EG,EGY,818,Exclusively Breastfed for the First Two Days After Birth,2014,37.1,Total
El Salvador,SV,SLV,222,Exclusively Breastfed for the First Two Days After Birth,2014,70.9,Total
Swaziland,SZ,SWZ,748,Exclusively Breastfed for the First Two Days After Birth,2006,76.4,Female
Swaziland,SZ,SWZ,748,Exclusively Breastfed for the First Two Days After Birth,2006,75,Male
Swaziland,SZ,SWZ,748,Exclusively Breastfed for the First Two Days After Birth,2006,75.7,Total
Swaziland,SZ,SWZ,748,Exclusively Breastfed for the First Two Days After Birth,2010,74.6,Total
Swaziland,SZ,SWZ,748,Exclusively Breastfed for the First Two Days After Birth,2014,79.3,Total
Ethiopia,ET,ETH,231,Exclusively Breastfed for the First Two Days After Birth,2005,70.1,Female
Ethiopia,ET,ETH,231,Exclusively Breastfed for the First Two Days After Birth,2011,72.9,Female
Ethiopia,ET,ETH,231,Exclusively Breastfed for the First Two Days After Birth,2016,90.7,Female
Ethiopia,ET,ETH,231,Exclusively Breastfed for the First Two Days After Birth,2019,86,Female
Ethiopia,ET,ETH,231,Exclusively Breastfed for the First Two Days After Birth,2005,69.4,Male
Ethiopia,ET,ETH,231,Exclusively Breastfed for the First Two Days After Birth,2011,68.6,Male
Ethiopia,ET,ETH,231,Exclusively Breastfed for the First Two Days After Birth,2016,87.6,Male
Ethiopia,ET,ETH,231,Exclusively Breastfed for the First Two Days After Birth,2019,82.1,Male
Ethiopia,ET,ETH,231,Exclusively Breastfed for the First Two Days After Birth,2005,69.7,Total
Ethiopia,ET,ETH,231,Exclusively Breastfed for the First Two Days After Birth,2011,70.6,Total
Ethiopia,ET,ETH,231,Exclusively Breastfed for the First Two Days After Birth,2016,89.2,Total
Ethiopia,ET,ETH,231,Exclusively Breastfed for the First Two Days After Birth,2019,84,Total
Fiji,FJ,FJI,242,Exclusively Breastfed for the First Two Days After Birth,2021,90.6,Female
Fiji,FJ,FJI,242,Exclusively Breastfed for the First Two Days After Birth,2021,85.7,Male
Fiji,FJ,FJI,242,Exclusively Breastfed for the First Two Days After Birth,2021,88,Total
Gabon,GA,GAB,266,Exclusively Breastfed for the First Two Days After Birth,2012,52.7,Female
Gabon,GA,GAB,266,Exclusively Breastfed for the First Two Days After Birth,2020,51.6,Female
Gabon,GA,GAB,266,Exclusively Breastfed for the First Two Days After Birth,2012,49.3,Male
Gabon,GA,GAB,266,Exclusively Breastfed for the First Two Days After Birth,2020,47.3,Male
Gabon,GA,GAB,266,Exclusively Breastfed for the First Two Days After Birth,2012,50.9,Total
Gabon,GA,GAB,266,Exclusively Breastfed for the First Two Days After Birth,2020,49.5,Total
Gambia,GM,GMB,270,Exclusively Breastfed for the First Two Days After Birth,2013,80.8,Female
Gambia,GM,GMB,270,Exclusively Breastfed for the First Two Days After Birth,2018,84.6,Female
Gambia,GM,GMB,270,Exclusively Breastfed for the First Two Days After Birth,2020,78.4,Female
Gambia,GM,GMB,270,Exclusively Breastfed for the First Two Days After Birth,2013,80.8,Male
Gambia,GM,GMB,270,Exclusively Breastfed for the First Two Days After Birth,2018,86.9,Male
Gambia,GM,GMB,270,Exclusively Breastfed for the First Two Days After Birth,2020,77.4,Male
Gambia,GM,GMB,270,Exclusively Breastfed for the First Two Days After Birth,2010,61.9,Total
Gambia,GM,GMB,270,Exclusively Breastfed for the First Two Days After Birth,2013,80.8,Total
Gambia,GM,GMB,270,Exclusively Breastfed for the First Two Days After Birth,2018,85.8,Total
Gambia,GM,GMB,270,Exclusively Breastfed for the First Two Days After Birth,2020,77.9,Total
Georgia,GE,GEO,268,Exclusively Breastfed for the First Two Days After Birth,2018,51.5,Total
Ghana,GH,GHA,288,Exclusively Breastfed for the First Two Days After Birth,2003,78.9,Female
Ghana,GH,GHA,288,Exclusively Breastfed for the First Two Days After Birth,2008,81.2,Female
Ghana,GH,GHA,288,Exclusively Breastfed for the First Two Days After Birth,2014,83.6,Female
Ghana,GH,GHA,288,Exclusively Breastfed for the First Two Days After Birth,2017,82.2,Female
Ghana,GH,GHA,288,Exclusively Breastfed for the First Two Days After Birth,2003,80.3,Male
Ghana,GH,GHA,288,Exclusively Breastfed for the First Two Days After Birth,2008,82,Male
Ghana,GH,GHA,288,Exclusively Breastfed for the First Two Days After Birth,2014,83.4,Male
Ghana,GH,GHA,288,Exclusively Breastfed for the First Two Days After Birth,2017,83.2,Male
Ghana,GH,GHA,288,Exclusively Breastfed for the First Two Days After Birth,2003,79.6,Total
Ghana,GH,GHA,288,Exclusively Breastfed for the First Two Days After Birth,2008,81.6,Total
Ghana,GH,GHA,288,Exclusively Breastfed for the First Two Days After Birth,2011,80.1,Total
Ghana,GH,GHA,288,Exclusively Breastfed for the First Two Days After Birth,2014,83.5,Total
Ghana,GH,GHA,288,Exclusively Breastfed for the First Two Days After Birth,2017,82.7,Total
Guatemala,GT,GTM,320,Exclusively Breastfed for the First Two Days After Birth,2015,62.1,Female
Guatemala,GT,GTM,320,Exclusively Breastfed for the First Two Days After Birth,2015,62.5,Male
Guatemala,GT,GTM,320,Exclusively Breastfed for the First Two Days After Birth,2015,62.3,Total
Guinea,GN,GIN,324,Exclusively Breastfed for the First Two Days After Birth,2012,39.2,Female
Guinea,GN,GIN,324,Exclusively Breastfed for the First Two Days After Birth,2016,55.4,Female
Guinea,GN,GIN,324,Exclusively Breastfed for the First Two Days After Birth,2018,59,Female
Guinea,GN,GIN,324,Exclusively Breastfed for the First Two Days After Birth,2012,39,Male
Guinea,GN,GIN,324,Exclusively Breastfed for the First Two Days After Birth,2016,54.8,Male
Guinea,GN,GIN,324,Exclusively Breastfed for the First Two Days After Birth,2018,59.8,Male
Guinea,GN,GIN,324,Exclusively Breastfed for the First Two Days After Birth,2012,39.1,Total
Guinea,GN,GIN,324,Exclusively Breastfed for the First Two Days After Birth,2016,55.1,Total
Guinea,GN,GIN,324,Exclusively Breastfed for the First Two Days After Birth,2018,59.4,Total
Guinea-Bissau,GW,GNB,624,Exclusively Breastfed for the First Two Days After Birth,2014,78.8,Total
Guinea-Bissau,GW,GNB,624,Exclusively Breastfed for the First Two Days After Birth,2019,84.6,Total
Guyana,GY,GUY,328,Exclusively Breastfed for the First Two Days After Birth,2009,75.6,Female
Guyana,GY,GUY,328,Exclusively Breastfed for the First Two Days After Birth,2019,67.8,Female
Guyana,GY,GUY,328,Exclusively Breastfed for the First Two Days After Birth,2009,75.6,Male
Guyana,GY,GUY,328,Exclusively Breastfed for the First Two Days After Birth,2019,65.5,Male
Guyana,GY,GUY,328,Exclusively Breastfed for the First Two Days After Birth,2009,75.6,Total
Guyana,GY,GUY,328,Exclusively Breastfed for the First Two Days After Birth,2014,72.2,Total
Guyana,GY,GUY,328,Exclusively Breastfed for the First Two Days After Birth,2019,66.6,Total
Haiti,HT,HTI,332,Exclusively Breastfed for the First Two Days After Birth,2006,69.8,Female
Haiti,HT,HTI,332,Exclusively Breastfed for the First Two Days After Birth,2012,77.6,Female
Haiti,HT,HTI,332,Exclusively Breastfed for the First Two Days After Birth,2017,78.8,Female
Haiti,HT,HTI,332,Exclusively Breastfed for the First Two Days After Birth,2006,65.7,Male
Haiti,HT,HTI,332,Exclusively Breastfed for the First Two Days After Birth,2012,78,Male
Haiti,HT,HTI,332,Exclusively Breastfed for the First Two Days After Birth,2017,77,Male
Haiti,HT,HTI,332,Exclusively Breastfed for the First Two Days After Birth,2006,67.7,Total
Haiti,HT,HTI,332,Exclusively Breastfed for the First Two Days After Birth,2012,77.8,Total
Haiti,HT,HTI,332,Exclusively Breastfed for the First Two Days After Birth,2017,77.9,Total
Honduras,HN,HND,340,Exclusively Breastfed for the First Two Days After Birth,2006,67.3,Female
Honduras,HN,HND,340,Exclusively Breastfed for the First Two Days After Birth,2012,55.5,Female
Honduras,HN,HND,340,Exclusively Breastfed for the First Two Days After Birth,2019,63.6,Female
Honduras,HN,HND,340,Exclusively Breastfed for the First Two Days After Birth,2006,64,Male
Honduras,HN,HND,340,Exclusively Breastfed for the First Two Days After Birth,2012,52,Male
Honduras,HN,HND,340,Exclusively Breastfed for the First Two Days After Birth,2019,60.5,Male
Honduras,HN,HND,340,Exclusively Breastfed for the First Two Days After Birth,2006,65.6,Total
Honduras,HN,HND,340,Exclusively Breastfed for the First Two Days After Birth,2012,53.7,Total
Honduras,HN,HND,340,Exclusively Breastfed for the First Two Days After Birth,2019,62,Total
India,IN,IND,356,Exclusively Breastfed for the First Two Days After Birth,2006,41.1,Female
India,IN,IND,356,Exclusively Breastfed for the First Two Days After Birth,2015,75.7,Female
India,IN,IND,356,Exclusively Breastfed for the First Two Days After Birth,2020,81.7,Female
India,IN,IND,356,Exclusively Breastfed for the First Two Days After Birth,2006,40.9,Male
India,IN,IND,356,Exclusively Breastfed for the First Two Days After Birth,2015,75.1,Male
India,IN,IND,356,Exclusively Breastfed for the First Two Days After Birth,2020,80.4,Male
India,IN,IND,356,Exclusively Breastfed for the First Two Days After Birth,2006,41,Total
India,IN,IND,356,Exclusively Breastfed for the First Two Days After Birth,2015,75.4,Total
India,IN,IND,356,Exclusively Breastfed for the First Two Days After Birth,2020,81,Total
Indonesia,ID,IDN,360,Exclusively Breastfed for the First Two Days After Birth,2003,45.4,Female
Indonesia,ID,IDN,360,Exclusively Breastfed for the First Two Days After Birth,2007,31.2,Female
Indonesia,ID,IDN,360,Exclusively Breastfed for the First Two Days After Birth,2012,37.9,Female
Indonesia,ID,IDN,360,Exclusively Breastfed for the First Two Days After Birth,2017,51.8,Female
Indonesia,ID,IDN,360,Exclusively Breastfed for the First Two Days After Birth,2003,41.9,Male
Indonesia,ID,IDN,360,Exclusively Breastfed for the First Two Days After Birth,2007,33,Male
Indonesia,ID,IDN,360,Exclusively Breastfed for the First Two Days After Birth,2012,36.4,Male
Indonesia,ID,IDN,360,Exclusively Breastfed for the First Two Days After Birth,2017,51.7,Male
Indonesia,ID,IDN,360,Exclusively Breastfed for the First Two Days After Birth,2003,43.6,Total
Indonesia,ID,IDN,360,Exclusively Breastfed for the First Two Days After Birth,2007,32.1,Total
Indonesia,ID,IDN,360,Exclusively Breastfed for the First Two Days After Birth,2012,37.1,Total
Indonesia,ID,IDN,360,Exclusively Breastfed for the First Two Days After Birth,2017,51.7,Total
Iraq,IQ,IRQ,368,Exclusively Breastfed for the First Two Days After Birth,2018,44.3,Female
Iraq,IQ,IRQ,368,Exclusively Breastfed for the First Two Days After Birth,2018,42.5,Male
Iraq,IQ,IRQ,368,Exclusively Breastfed for the First Two Days After Birth,2011,46.7,Total
Iraq,IQ,IRQ,368,Exclusively Breastfed for the First Two Days After Birth,2018,43.3,Total
Jamaica,JM,JAM,388,Exclusively Breastfed for the First Two Days After Birth,2011,73.4,Total
Jordan,JO,JOR,400,Exclusively Breastfed for the First Two Days After Birth,2002,40.1,Female
Jordan,JO,JOR,400,Exclusively Breastfed for the First Two Days After Birth,2007,38.3,Female
Jordan,JO,JOR,400,Exclusively Breastfed for the First Two Days After Birth,2012,28.5,Female
Jordan,JO,JOR,400,Exclusively Breastfed for the First Two Days After Birth,2017,51.9,Female
Jordan,JO,JOR,400,Exclusively Breastfed for the First Two Days After Birth,2002,39.1,Male
Jordan,JO,JOR,400,Exclusively Breastfed for the First Two Days After Birth,2007,38.7,Male
Jordan,JO,JOR,400,Exclusively Breastfed for the First Two Days After Birth,2012,32.6,Male
Jordan,JO,JOR,400,Exclusively Breastfed for the First Two Days After Birth,2017,53.2,Male
Jordan,JO,JOR,400,Exclusively Breastfed for the First Two Days After Birth,2002,39.6,Total
Jordan,JO,JOR,400,Exclusively Breastfed for the First Two Days After Birth,2007,38.5,Total
Jordan,JO,JOR,400,Exclusively Breastfed for the First Two Days After Birth,2012,30.7,Total
Jordan,JO,JOR,400,Exclusively Breastfed for the First Two Days After Birth,2017,52.6,Total
Kazakhstan,KZ,KAZ,398,Exclusively Breastfed for the First Two Days After Birth,2010,85.1,Total
Kazakhstan,KZ,KAZ,398,Exclusively Breastfed for the First Two Days After Birth,2015,83.4,Total
Kenya,KE,KEN,404,Exclusively Breastfed for the First Two Days After Birth,2003,35.3,Female
Kenya,KE,KEN,404,Exclusively Breastfed for the First Two Days After Birth,2008,58.7,Female
Kenya,KE,KEN,404,Exclusively Breastfed for the First Two Days After Birth,2014,83.2,Female
Kenya,KE,KEN,404,Exclusively Breastfed for the First Two Days After Birth,2022,83.4,Female
Kenya,KE,KEN,404,Exclusively Breastfed for the First Two Days After Birth,2003,33.9,Male
Kenya,KE,KEN,404,Exclusively Breastfed for the First Two Days After Birth,2008,54,Male
Kenya,KE,KEN,404,Exclusively Breastfed for the First Two Days After Birth,2014,83.4,Male
Kenya,KE,KEN,404,Exclusively Breastfed for the First Two Days After Birth,2022,82.3,Male
Kenya,KE,KEN,404,Exclusively Breastfed for the First Two Days After Birth,2003,34.6,Total
Kenya,KE,KEN,404,Exclusively Breastfed for the First Two Days After Birth,2008,56.2,Total
Kenya,KE,KEN,404,Exclusively Breastfed for the First Two Days After Birth,2014,83.3,Total
Kenya,KE,KEN,404,Exclusively Breastfed for the First Two Days After Birth,2022,82.9,Total
Kiribati,KI,KIR,296,Exclusively Breastfed for the First Two Days After Birth,2018,69.4,Female
Kiribati,KI,KIR,296,Exclusively Breastfed for the First Two Days After Birth,2018,67.7,Male
Kiribati,KI,KIR,296,Exclusively Breastfed for the First Two Days After Birth,2018,68.4,Total
Kyrgyzstan,KG,KGZ,417,Exclusively Breastfed for the First Two Days After Birth,2012,86.9,Female
Kyrgyzstan,KG,KGZ,417,Exclusively Breastfed for the First Two Days After Birth,2018,86.2,Female
Kyrgyzstan,KG,KGZ,417,Exclusively Breastfed for the First Two Days After Birth,2021,73.5,Female
Kyrgyzstan,KG,KGZ,417,Exclusively Breastfed for the First Two Days After Birth,2012,83.3,Male
Kyrgyzstan,KG,KGZ,417,Exclusively Breastfed for the First Two Days After Birth,2018,87,Male
Kyrgyzstan,KG,KGZ,417,Exclusively Breastfed for the First Two Days After Birth,2021,75.8,Male
Kyrgyzstan,KG,KGZ,417,Exclusively Breastfed for the First Two Days After Birth,2012,85,Total
Kyrgyzstan,KG,KGZ,417,Exclusively Breastfed for the First Two Days After Birth,2014,88.5,Total
Kyrgyzstan,KG,KGZ,417,Exclusively Breastfed for the First Two Days After Birth,2018,86.6,Total
Kyrgyzstan,KG,KGZ,417,Exclusively Breastfed for the First Two Days After Birth,2021,74.7,Total
Lao People's Democratic Republic,LA,LAO,418,Exclusively Breastfed for the First Two Days After Birth,2017,72.1,Female
Lao People's Democratic Republic,LA,LAO,418,Exclusively Breastfed for the First Two Days After Birth,2017,73.7,Male
Lao People's Democratic Republic,LA,LAO,418,Exclusively Breastfed for the First Two Days After Birth,2011,62,Total
Lao People's Democratic Republic,LA,LAO,418,Exclusively Breastfed for the First Two Days After Birth,2017,72.9,Total
Lesotho,LS,LSO,426,Exclusively Breastfed for the First Two Days After Birth,2004,55.2,Female
Lesotho,LS,LSO,426,Exclusively Breastfed for the First Two Days After Birth,2009,68.4,Female
Lesotho,LS,LSO,426,Exclusively Breastfed for the First Two Days After Birth,2014,82.8,Female
Lesotho,LS,LSO,426,Exclusively Breastfed for the First Two Days After Birth,2018,84.1,Female
Lesotho,LS,LSO,426,Exclusively Breastfed for the First Two Days After Birth,2004,52.2,Male
Lesotho,LS,LSO,426,Exclusively Breastfed for the First Two Days After Birth,2009,63.9,Male
Lesotho,LS,LSO,426,Exclusively Breastfed for the First Two Days After Birth,2014,83.3,Male
Lesotho,LS,LSO,426,Exclusively Breastfed for the First Two Days After Birth,2018,82,Male
Lesotho,LS,LSO,426,Exclusively Breastfed for the First Two Days After Birth,2004,53.7,Total
Lesotho,LS,LSO,426,Exclusively Breastfed for the First Two Days After Birth,2009,66.2,Total
Lesotho,LS,LSO,426,Exclusively Breastfed for the First Two Days After Birth,2014,83,Total
Lesotho,LS,LSO,426,Exclusively Breastfed for the First Two Days After Birth,2018,83,Total
Liberia,LR,LBR,430,Exclusively Breastfed for the First Two Days After Birth,2007,72.2,Female
Liberia,LR,LBR,430,Exclusively Breastfed for the First Two Days After Birth,2013,87.4,Female
Liberia,LR,LBR,430,Exclusively Breastfed for the First Two Days After Birth,2019,86.4,Female
Liberia,LR,LBR,430,Exclusively Breastfed for the First Two Days After Birth,2007,74.6,Male
Liberia,LR,LBR,430,Exclusively Breastfed for the First Two Days After Birth,2013,87.8,Male
Liberia,LR,LBR,430,Exclusively Breastfed for the First Two Days After Birth,2019,88.8,Male
Liberia,LR,LBR,430,Exclusively Breastfed for the First Two Days After Birth,2007,73.4,Total
Liberia,LR,LBR,430,Exclusively Breastfed for the First Two Days After Birth,2013,87.6,Total
Liberia,LR,LBR,430,Exclusively Breastfed for the First Two Days After Birth,2019,87.6,Total
Madagascar,MG,MDG,450,Exclusively Breastfed for the First Two Days After Birth,2004,60,Female
Madagascar,MG,MDG,450,Exclusively Breastfed for the First Two Days After Birth,2009,74.1,Female
Madagascar,MG,MDG,450,Exclusively Breastfed for the First Two Days After Birth,2018,65.4,Female
Madagascar,MG,MDG,450,Exclusively Breastfed for the First Two Days After Birth,2021,68.2,Female
Madagascar,MG,MDG,450,Exclusively Breastfed for the First Two Days After Birth,2004,59.3,Male
Madagascar,MG,MDG,450,Exclusively Breastfed for the First Two Days After Birth,2009,72.1,Male
Madagascar,MG,MDG,450,Exclusively Breastfed for the First Two Days After Birth,2018,66.8,Male
Madagascar,MG,MDG,450,Exclusively Breastfed for the First Two Days After Birth,2021,70.6,Male
Madagascar,MG,MDG,450,Exclusively Breastfed for the First Two Days After Birth,2004,59.7,Total
Madagascar,MG,MDG,450,Exclusively Breastfed for the First Two Days After Birth,2009,73.1,Total
Madagascar,MG,MDG,450,Exclusively Breastfed for the First Two Days After Birth,2018,66.1,Total
Madagascar,MG,MDG,450,Exclusively Breastfed for the First Two Days After Birth,2021,69.4,Total
Malawi,MW,MWI,454,Exclusively Breastfed for the First Two Days After Birth,2000,89.5,Female
Malawi,MW,MWI,454,Exclusively Breastfed for the First Two Days After Birth,2004,94,Female
Malawi,MW,MWI,454,Exclusively Breastfed for the First Two Days After Birth,2010,96,Female
Malawi,MW,MWI,454,Exclusively Breastfed for the First Two Days After Birth,2015,94.9,Female
Malawi,MW,MWI,454,Exclusively Breastfed for the First Two Days After Birth,2020,97.4,Female
Malawi,MW,MWI,454,Exclusively Breastfed for the First Two Days After Birth,2000,90.1,Male
Malawi,MW,MWI,454,Exclusively Breastfed for the First Two Days After Birth,2004,92.4,Male
Malawi,MW,MWI,454,Exclusively Breastfed for the First Two Days After Birth,2010,95.8,Male
Malawi,MW,MWI,454,Exclusively Breastfed for the First Two Days After Birth,2015,94.9,Male
Malawi,MW,MWI,454,Exclusively Breastfed for the First Two Days After Birth,2020,96.5,Male
Malawi,MW,MWI,454,Exclusively Breastfed for the First Two Days After Birth,2000,89.8,Total
Malawi,MW,MWI,454,Exclusively Breastfed for the First Two Days After Birth,2004,93.2,Total
Malawi,MW,MWI,454,Exclusively Breastfed for the First Two Days After Birth,2010,95.9,Total
Malawi,MW,MWI,454,Exclusively Breastfed for the First Two Days After Birth,2014,96.3,Total
Malawi,MW,MWI,454,Exclusively Breastfed for the First Two Days After Birth,2015,94.9,Total
Malawi,MW,MWI,454,Exclusively Breastfed for the First Two Days After Birth,2020,97,Total
Maldives,MV,MDV,462,Exclusively Breastfed for the First Two Days After Birth,2009,84.4,Female
Maldives,MV,MDV,462,Exclusively Breastfed for the First Two Days After Birth,2017,87,Female
Maldives,MV,MDV,462,Exclusively Breastfed for the First Two Days After Birth,2009,83.9,Male
Maldives,MV,MDV,462,Exclusively Breastfed for the First Two Days After Birth,2017,80.2,Male
Maldives,MV,MDV,462,Exclusively Breastfed for the First Two Days After Birth,2009,84.1,Total
Maldives,MV,MDV,462,Exclusively Breastfed for the First Two Days After Birth,2017,83.6,Total
Mali,ML,MLI,466,Exclusively Breastfed for the First Two Days After Birth,2001,32.7,Female
Mali,ML,MLI,466,Exclusively Breastfed for the First Two Days After Birth,2006,54.4,Female
Mali,ML,MLI,466,Exclusively Breastfed for the First Two Days After Birth,2018,73.1,Female
Mali,ML,MLI,466,Exclusively Breastfed for the First Two Days After Birth,2001,33,Male
Mali,ML,MLI,466,Exclusively Breastfed for the First Two Days After Birth,2006,49.6,Male
Mali,ML,MLI,466,Exclusively Breastfed for the First Two Days After Birth,2018,73.6,Male
Mali,ML,MLI,466,Exclusively Breastfed for the First Two Days After Birth,2001,32.9,Total
Mali,ML,MLI,466,Exclusively Breastfed for the First Two Days After Birth,2006,51.9,Total
Mali,ML,MLI,466,Exclusively Breastfed for the First Two Days After Birth,2010,71.4,Total
Mali,ML,MLI,466,Exclusively Breastfed for the First Two Days After Birth,2015,69,Total
Mali,ML,MLI,466,Exclusively Breastfed for the First Two Days After Birth,2018,73.3,Total
Mauritania,MR,MRT,478,Exclusively Breastfed for the First Two Days After Birth,2020,68.7,Female
Mauritania,MR,MRT,478,Exclusively Breastfed for the First Two Days After Birth,2020,67.9,Male
Mauritania,MR,MRT,478,Exclusively Breastfed for the First Two Days After Birth,2011,58.6,Total
Mauritania,MR,MRT,478,Exclusively Breastfed for the First Two Days After Birth,2015,68.1,Total
Mauritania,MR,MRT,478,Exclusively Breastfed for the First Two Days After Birth,2020,68.3,Total
Mexico,MX,MEX,484,Exclusively Breastfed for the First Two Days After Birth,2015,63.6,Total
Mexico,MX,MEX,484,Exclusively Breastfed for the First Two Days After Birth,2021,61.7,Total
Mongolia,MN,MNG,496,Exclusively Breastfed for the First Two Days After Birth,2018,75.6,Female
Mongolia,MN,MNG,496,Exclusively Breastfed for the First Two Days After Birth,2018,73.3,Male
Mongolia,MN,MNG,496,Exclusively Breastfed for the First Two Days After Birth,2010,88.1,Total
Mongolia,MN,MNG,496,Exclusively Breastfed for the First Two Days After Birth,2013,71.9,Total
Mongolia,MN,MNG,496,Exclusively Breastfed for the First Two Days After Birth,2018,74.4,Total
Montenegro,ME,MNE,499,Exclusively Breastfed for the First Two Days After Birth,2013,45.8,Total
Montenegro,ME,MNE,499,Exclusively Breastfed for the First Two Days After Birth,2018,44.6,Total
Morocco,MA,MAR,504,Exclusively Breastfed for the First Two Days After Birth,2003,32.6,Female
Morocco,MA,MAR,504,Exclusively Breastfed for the First Two Days After Birth,2003,32.1,Male
Morocco,MA,MAR,504,Exclusively Breastfed for the First Two Days After Birth,2003,32.4,Total
Mozambique,MZ,MOZ,508,Exclusively Breastfed for the First Two Days After Birth,2003,83.2,Female
Mozambique,MZ,MOZ,508,Exclusively Breastfed for the First Two Days After Birth,2011,92.5,Female
Mozambique,MZ,MOZ,508,Exclusively Breastfed for the First Two Days After Birth,2003,81.9,Male
Mozambique,MZ,MOZ,508,Exclusively Breastfed for the First Two Days After Birth,2011,91.1,Male
Mozambique,MZ,MOZ,508,Exclusively Breastfed for the First Two Days After Birth,2003,82.5,Total
Mozambique,MZ,MOZ,508,Exclusively Breastfed for the First Two Days After Birth,2011,91.8,Total
Myanmar,MM,MMR,104,Exclusively Breastfed for the First Two Days After Birth,2016,80.6,Female
Myanmar,MM,MMR,104,Exclusively Breastfed for the First Two Days After Birth,2016,75.8,Male
Myanmar,MM,MMR,104,Exclusively Breastfed for the First Two Days After Birth,2016,78,Total
Namibia,,NAM,516,Exclusively Breastfed for the First Two Days After Birth,2007,80.8,Female
Namibia,,NAM,516,Exclusively Breastfed for the First Two Days After Birth,2013,85.5,Female
Namibia,,NAM,516,Exclusively Breastfed for the First Two Days After Birth,2007,78.9,Male
Namibia,,NAM,516,Exclusively Breastfed for the First Two Days After Birth,2013,85.3,Male
Namibia,,NAM,516,Exclusively Breastfed for the First Two Days After Birth,2007,79.8,Total
Namibia,,NAM,516,Exclusively Breastfed for the First Two Days After Birth,2013,85.4,Total
Nepal,NP,NPL,524,Exclusively Breastfed for the First Two Days After Birth,2001,60.4,Female
Nepal,NP,NPL,524,Exclusively Breastfed for the First Two Days After Birth,2006,60.9,Female
Nepal,NP,NPL,524,Exclusively Breastfed for the First Two Days After Birth,2011,69,Female
Nepal,NP,NPL,524,Exclusively Breastfed for the First Two Days After Birth,2016,71.2,Female
Nepal,NP,NPL,524,Exclusively Breastfed for the First Two Days After Birth,2019,81.7,Female
Nepal,NP,NPL,524,Exclusively Breastfed for the First Two Days After Birth,2022,59.6,Female
Nepal,NP,NPL,524,Exclusively Breastfed for the First Two Days After Birth,2001,59.2,Male
Nepal,NP,NPL,524,Exclusively Breastfed for the First Two Days After Birth,2006,61.5,Male
Nepal,NP,NPL,524,Exclusively Breastfed for the First Two Days After Birth,2011,72.2,Male
Nepal,NP,NPL,524,Exclusively Breastfed for the First Two Days After Birth,2016,70.4,Male
Nepal,NP,NPL,524,Exclusively Breastfed for the First Two Days After Birth,2019,80.2,Male
Nepal,NP,NPL,524,Exclusively Breastfed for the First Two Days After Birth,2022,58.4,Male
Nepal,NP,NPL,524,Exclusively Breastfed for the First Two Days After Birth,2001,59.8,Total
Nepal,NP,NPL,524,Exclusively Breastfed for the First Two Days After Birth,2006,61.2,Total
Nepal,NP,NPL,524,Exclusively Breastfed for the First Two Days After Birth,2011,70.6,Total
Nepal,NP,NPL,524,Exclusively Breastfed for the First Two Days After Birth,2014,81.3,Total
Nepal,NP,NPL,524,Exclusively Breastfed for the First Two Days After Birth,2016,70.8,Total
Nepal,NP,NPL,524,Exclusively Breastfed for the First Two Days After Birth,2019,80.9,Total
Nepal,NP,NPL,524,Exclusively Breastfed for the First Two Days After Birth,2022,58.9,Total
Nicaragua,NI,NIC,558,Exclusively Breastfed for the First Two Days After Birth,2001,75.6,Female
Nicaragua,NI,NIC,558,Exclusively Breastfed for the First Two Days After Birth,2001,76.2,Male
Nicaragua,NI,NIC,558,Exclusively Breastfed for the First Two Days After Birth,2001,75.9,Total
Niger,NE,NER,562,Exclusively Breastfed for the First Two Days After Birth,2006,17.9,Female
Niger,NE,NER,562,Exclusively Breastfed for the First Two Days After Birth,2012,50.2,Female
Niger,NE,NER,562,Exclusively Breastfed for the First Two Days After Birth,2006,21,Male
Niger,NE,NER,562,Exclusively Breastfed for the First Two Days After Birth,2012,49,Male
Niger,NE,NER,562,Exclusively Breastfed for the First Two Days After Birth,2006,19.5,Total
Niger,NE,NER,562,Exclusively Breastfed for the First Two Days After Birth,2012,49.6,Total
Nigeria,NG,NGA,566,Exclusively Breastfed for the First Two Days After Birth,2003,33,Female
Nigeria,NG,NGA,566,Exclusively Breastfed for the First Two Days After Birth,2008,42.9,Female
Nigeria,NG,NGA,566,Exclusively Breastfed for the First Two Days After Birth,2013,37.8,Female
Nigeria,NG,NGA,566,Exclusively Breastfed for the First Two Days After Birth,2018,50.1,Female
Nigeria,NG,NGA,566,Exclusively Breastfed for the First Two Days After Birth,2021,47,Female
Nigeria,NG,NGA,566,Exclusively Breastfed for the First Two Days After Birth,2003,32.6,Male
Nigeria,NG,NGA,566,Exclusively Breastfed for the First Two Days After Birth,2008,41.3,Male
Nigeria,NG,NGA,566,Exclusively Breastfed for the First Two Days After Birth,2013,36.9,Male
Nigeria,NG,NGA,566,Exclusively Breastfed for the First Two Days After Birth,2018,49.4,Male
Nigeria,NG,NGA,566,Exclusively Breastfed for the First Two Days After Birth,2021,47.2,Male
Nigeria,NG,NGA,566,Exclusively Breastfed for the First Two Days After Birth,2003,32.8,Total
Nigeria,NG,NGA,566,Exclusively Breastfed for the First Two Days After Birth,2008,42.1,Total
Nigeria,NG,NGA,566,Exclusively Breastfed for the First Two Days After Birth,2011,37.8,Total
Nigeria,NG,NGA,566,Exclusively Breastfed for the First Two Days After Birth,2013,37.4,Total
Nigeria,NG,NGA,566,Exclusively Breastfed for the First Two Days After Birth,2016,42.8,Total
Nigeria,NG,NGA,566,Exclusively Breastfed for the First Two Days After Birth,2018,49.7,Total
Nigeria,NG,NGA,566,Exclusively Breastfed for the First Two Days After Birth,2021,47.1,Total
"Macedonia, the former Yugoslav Republic of",MK,MKD,807,Exclusively Breastfed for the First Two Days After Birth,2019,34.5,Female
"Macedonia, the former Yugoslav Republic of",MK,MKD,807,Exclusively Breastfed for the First Two Days After Birth,2019,24.2,Male
"Macedonia, the former Yugoslav Republic of",MK,MKD,807,Exclusively Breastfed for the First Two Days After Birth,2011,60.2,Total
"Macedonia, the former Yugoslav Republic of",MK,MKD,807,Exclusively Breastfed for the First Two Days After Birth,2019,28.9,Total
Pakistan,PK,PAK,586,Exclusively Breastfed for the First Two Days After Birth,2006,31.1,Female
Pakistan,PK,PAK,586,Exclusively Breastfed for the First Two Days After Birth,2013,24.2,Female
Pakistan,PK,PAK,586,Exclusively Breastfed for the First Two Days After Birth,2018,23,Female
Pakistan,PK,PAK,586,Exclusively Breastfed for the First Two Days After Birth,2006,29,Male
Pakistan,PK,PAK,586,Exclusively Breastfed for the First Two Days After Birth,2013,22.6,Male
Pakistan,PK,PAK,586,Exclusively Breastfed for the First Two Days After Birth,2018,22.3,Male
Pakistan,PK,PAK,586,Exclusively Breastfed for the First Two Days After Birth,2006,30,Total
Pakistan,PK,PAK,586,Exclusively Breastfed for the First Two Days After Birth,2013,23.4,Total
Pakistan,PK,PAK,586,Exclusively Breastfed for the First Two Days After Birth,2018,22.7,Total
Panama,PA,PAN,591,Exclusively Breastfed for the First Two Days After Birth,2013,65.9,Total
Papua New Guinea,PG,PNG,598,Exclusively Breastfed for the First Two Days After Birth,2017,80.5,Female
Papua New Guinea,PG,PNG,598,Exclusively Breastfed for the First Two Days After Birth,2017,77,Male
Papua New Guinea,PG,PNG,598,Exclusively Breastfed for the First Two Days After Birth,2017,78.6,Total
Paraguay,PY,PRY,600,Exclusively Breastfed for the First Two Days After Birth,2016,68.1,Total
Peru,PE,PER,604,Exclusively Breastfed for the First Two Days After Birth,2000,70.8,Female
Peru,PE,PER,604,Exclusively Breastfed for the First Two Days After Birth,2007,71.6,Female
Peru,PE,PER,604,Exclusively Breastfed for the First Two Days After Birth,2009,67.5,Female
Peru,PE,PER,604,Exclusively Breastfed for the First Two Days After Birth,2010,69,Female
Peru,PE,PER,604,Exclusively Breastfed for the First Two Days After Birth,2011,66.1,Female
Peru,PE,PER,604,Exclusively Breastfed for the First Two Days After Birth,2012,61.8,Female
Peru,PE,PER,604,Exclusively Breastfed for the First Two Days After Birth,2019,56,Female
Peru,PE,PER,604,Exclusively Breastfed for the First Two Days After Birth,2020,60.1,Female
Peru,PE,PER,604,Exclusively Breastfed for the First Two Days After Birth,2021,53.4,Female
Peru,PE,PER,604,Exclusively Breastfed for the First Two Days After Birth,2022,53.7,Female
Peru,PE,PER,604,Exclusively Breastfed for the First Two Days After Birth,2000,71.4,Male
Peru,PE,PER,604,Exclusively Breastfed for the First Two Days After Birth,2007,66.7,Male
Peru,PE,PER,604,Exclusively Breastfed for the First Two Days After Birth,2009,66,Male
Peru,PE,PER,604,Exclusively Breastfed for the First Two Days After Birth,2010,67.1,Male
Peru,PE,PER,604,Exclusively Breastfed for the First Two Days After Birth,2011,60.9,Male
Peru,PE,PER,604,Exclusively Breastfed for the First Two Days After Birth,2012,61.7,Male
Peru,PE,PER,604,Exclusively Breastfed for the First Two Days After Birth,2019,57.3,Male
Peru,PE,PER,604,Exclusively Breastfed for the First Two Days After Birth,2020,59,Male
Peru,PE,PER,604,Exclusively Breastfed for the First Two Days After Birth,2021,53.3,Male
Peru,PE,PER,604,Exclusively Breastfed for the First Two Days After Birth,2022,52.8,Male
Peru,PE,PER,604,Exclusively Breastfed for the First Two Days After Birth,2000,71.1,Total
Peru,PE,PER,604,Exclusively Breastfed for the First Two Days After Birth,2007,69.2,Total
Peru,PE,PER,604,Exclusively Breastfed for the First Two Days After Birth,2009,66.7,Total
Peru,PE,PER,604,Exclusively Breastfed for the First Two Days After Birth,2010,68,Total
Peru,PE,PER,604,Exclusively Breastfed for the First Two Days After Birth,2011,63.5,Total
Peru,PE,PER,604,Exclusively Breastfed for the First Two Days After Birth,2012,61.8,Total
Peru,PE,PER,604,Exclusively Breastfed for the First Two Days After Birth,2019,56.7,Total
Peru,PE,PER,604,Exclusively Breastfed for the First Two Days After Birth,2020,59.5,Total
Peru,PE,PER,604,Exclusively Breastfed for the First Two Days After Birth,2021,53.3,Total
Peru,PE,PER,604,Exclusively Breastfed for the First Two Days After Birth,2022,53.2,Total
Philippines,PH,PHL,608,Exclusively Breastfed for the First Two Days After Birth,2003,53.3,Female
Philippines,PH,PHL,608,Exclusively Breastfed for the First Two Days After Birth,2008,43.4,Female
Philippines,PH,PHL,608,Exclusively Breastfed for the First Two Days After Birth,2013,60.6,Female
Philippines,PH,PHL,608,Exclusively Breastfed for the First Two Days After Birth,2017,71.4,Female
Philippines,PH,PHL,608,Exclusively Breastfed for the First Two Days After Birth,2022,72.3,Female
Philippines,PH,PHL,608,Exclusively Breastfed for the First Two Days After Birth,2003,51.6,Male
Philippines,PH,PHL,608,Exclusively Breastfed for the First Two Days After Birth,2008,40.9,Male
Philippines,PH,PHL,608,Exclusively Breastfed for the First Two Days After Birth,2013,58.4,Male
Philippines,PH,PHL,608,Exclusively Breastfed for the First Two Days After Birth,2017,70.2,Male
Philippines,PH,PHL,608,Exclusively Breastfed for the First Two Days After Birth,2022,73.7,Male
Philippines,PH,PHL,608,Exclusively Breastfed for the First Two Days After Birth,2003,52.4,Total
Philippines,PH,PHL,608,Exclusively Breastfed for the First Two Days After Birth,2008,42.1,Total
Philippines,PH,PHL,608,Exclusively Breastfed for the First Two Days After Birth,2013,59.5,Total
Philippines,PH,PHL,608,Exclusively Breastfed for the First Two Days After Birth,2017,70.8,Total
Philippines,PH,PHL,608,Exclusively Breastfed for the First Two Days After Birth,2022,73,Total
Qatar,QA,QAT,634,Exclusively Breastfed for the First Two Days After Birth,2012,57.3,Total
"Moldova, Republic of",MD,MDA,498,Exclusively Breastfed for the First Two Days After Birth,2005,89.2,Female
"Moldova, Republic of",MD,MDA,498,Exclusively Breastfed for the First Two Days After Birth,2005,89.9,Male
"Moldova, Republic of",MD,MDA,498,Exclusively Breastfed for the First Two Days After Birth,2005,89.6,Total
"Moldova, Republic of",MD,MDA,498,Exclusively Breastfed for the First Two Days After Birth,2012,72.5,Total
Rwanda,RW,RWA,646,Exclusively Breastfed for the First Two Days After Birth,2010,84.8,Female
Rwanda,RW,RWA,646,Exclusively Breastfed for the First Two Days After Birth,2015,94.4,Female
Rwanda,RW,RWA,646,Exclusively Breastfed for the First Two Days After Birth,2020,95.7,Female
Rwanda,RW,RWA,646,Exclusively Breastfed for the First Two Days After Birth,2010,84.2,Male
Rwanda,RW,RWA,646,Exclusively Breastfed for the First Two Days After Birth,2015,93.7,Male
Rwanda,RW,RWA,646,Exclusively Breastfed for the First Two Days After Birth,2020,94.4,Male
Rwanda,RW,RWA,646,Exclusively Breastfed for the First Two Days After Birth,2010,84.5,Total
Rwanda,RW,RWA,646,Exclusively Breastfed for the First Two Days After Birth,2015,94,Total
Rwanda,RW,RWA,646,Exclusively Breastfed for the First Two Days After Birth,2020,95.1,Total
Saint Lucia,LC,LCA,662,Exclusively Breastfed for the First Two Days After Birth,2012,67.9,Total
Samoa,WS,WSM,882,Exclusively Breastfed for the First Two Days After Birth,2019,86.4,Female
Samoa,WS,WSM,882,Exclusively Breastfed for the First Two Days After Birth,2019,81.5,Male
Samoa,WS,WSM,882,Exclusively Breastfed for the First Two Days After Birth,2019,84,Total
Sao Tome and Principe,ST,STP,678,Exclusively Breastfed for the First Two Days After Birth,2008,85,Female
Sao Tome and Principe,ST,STP,678,Exclusively Breastfed for the First Two Days After Birth,2019,86.8,Female
Sao Tome and Principe,ST,STP,678,Exclusively Breastfed for the First Two Days After Birth,2008,85.3,Male
Sao Tome and Principe,ST,STP,678,Exclusively Breastfed for the First Two Days After Birth,2019,86,Male
Sao Tome and Principe,ST,STP,678,Exclusively Breastfed for the First Two Days After Birth,2008,85.2,Total
Sao Tome and Principe,ST,STP,678,Exclusively Breastfed for the First Two Days After Birth,2014,89.6,Total
Sao Tome and Principe,ST,STP,678,Exclusively Breastfed for the First Two Days After Birth,2019,86.4,Total
Senegal,SN,SEN,686,Exclusively Breastfed for the First Two Days After Birth,2005,29.3,Female
Senegal,SN,SEN,686,Exclusively Breastfed for the First Two Days After Birth,2011,47.1,Female
Senegal,SN,SEN,686,Exclusively Breastfed for the First Two Days After Birth,2013,42.3,Female
Senegal,SN,SEN,686,Exclusively Breastfed for the First Two Days After Birth,2014,37,Female
Senegal,SN,SEN,686,Exclusively Breastfed for the First Two Days After Birth,2015,41.3,Female
Senegal,SN,SEN,686,Exclusively Breastfed for the First Two Days After Birth,2017,46.3,Female
Senegal,SN,SEN,686,Exclusively Breastfed for the First Two Days After Birth,2018,42.3,Female
Senegal,SN,SEN,686,Exclusively Breastfed for the First Two Days After Birth,2019,45.6,Female
Senegal,SN,SEN,686,Exclusively Breastfed for the First Two Days After Birth,2005,28.3,Male
Senegal,SN,SEN,686,Exclusively Breastfed for the First Two Days After Birth,2011,43.7,Male
Senegal,SN,SEN,686,Exclusively Breastfed for the First Two Days After Birth,2013,40.6,Male
Senegal,SN,SEN,686,Exclusively Breastfed for the First Two Days After Birth,2014,38.3,Male
Senegal,SN,SEN,686,Exclusively Breastfed for the First Two Days After Birth,2015,39.6,Male
Senegal,SN,SEN,686,Exclusively Breastfed for the First Two Days After Birth,2017,47.3,Male
Senegal,SN,SEN,686,Exclusively Breastfed for the First Two Days After Birth,2018,39.7,Male
Senegal,SN,SEN,686,Exclusively Breastfed for the First Two Days After Birth,2019,41.2,Male
Senegal,SN,SEN,686,Exclusively Breastfed for the First Two Days After Birth,2005,28.8,Total
Senegal,SN,SEN,686,Exclusively Breastfed for the First Two Days After Birth,2011,45.3,Total
Senegal,SN,SEN,686,Exclusively Breastfed for the First Two Days After Birth,2013,41.5,Total
Senegal,SN,SEN,686,Exclusively Breastfed for the First Two Days After Birth,2014,37.6,Total
Senegal,SN,SEN,686,Exclusively Breastfed for the First Two Days After Birth,2015,40.4,Total
Senegal,SN,SEN,686,Exclusively Breastfed for the First Two Days After Birth,2017,46.8,Total
Senegal,SN,SEN,686,Exclusively Breastfed for the First Two Days After Birth,2018,41.1,Total
Senegal,SN,SEN,686,Exclusively Breastfed for the First Two Days After Birth,2019,43.5,Total
Serbia,RS,SRB,688,Exclusively Breastfed for the First Two Days After Birth,2019,34.8,Female
Serbia,RS,SRB,688,Exclusively Breastfed for the First Two Days After Birth,2019,34.3,Male
Serbia,RS,SRB,688,Exclusively Breastfed for the First Two Days After Birth,2010,44.6,Total
Serbia,RS,SRB,688,Exclusively Breastfed for the First Two Days After Birth,2014,31.5,Total
Serbia,RS,SRB,688,Exclusively Breastfed for the First Two Days After Birth,2019,34.5,Total
Sierra Leone,SL,SLE,694,Exclusively Breastfed for the First Two Days After Birth,2008,39.3,Female
Sierra Leone,SL,SLE,694,Exclusively Breastfed for the First Two Days After Birth,2013,74.5,Female
Sierra Leone,SL,SLE,694,Exclusively Breastfed for the First Two Days After Birth,2017,89,Female
Sierra Leone,SL,SLE,694,Exclusively Breastfed for the First Two Days After Birth,2019,88.5,Female
Sierra Leone,SL,SLE,694,Exclusively Breastfed for the First Two Days After Birth,2008,36.8,Male
Sierra Leone,SL,SLE,694,Exclusively Breastfed for the First Two Days After Birth,2013,75.6,Male
Sierra Leone,SL,SLE,694,Exclusively Breastfed for the First Two Days After Birth,2017,89.9,Male
Sierra Leone,SL,SLE,694,Exclusively Breastfed for the First Two Days After Birth,2019,85.6,Male
Sierra Leone,SL,SLE,694,Exclusively Breastfed for the First Two Days After Birth,2008,38.1,Total
Sierra Leone,SL,SLE,694,Exclusively Breastfed for the First Two Days After Birth,2010,69.3,Total
Sierra Leone,SL,SLE,694,Exclusively Breastfed for the First Two Days After Birth,2013,75.1,Total
Sierra Leone,SL,SLE,694,Exclusively Breastfed for the First Two Days After Birth,2017,89.5,Total
Sierra Leone,SL,SLE,694,Exclusively Breastfed for the First Two Days After Birth,2019,87,Total
South Africa,ZA,ZAF,710,Exclusively Breastfed for the First Two Days After Birth,2016,70.4,Female
South Africa,ZA,ZAF,710,Exclusively Breastfed for the First Two Days After Birth,2016,71.2,Male
South Africa,ZA,ZAF,710,Exclusively Breastfed for the First Two Days After Birth,2016,70.8,Total
"Palestinian Territory, Occupied",PS,PSE,275,Exclusively Breastfed for the First Two Days After Birth,2020,60.2,Female
"Palestinian Territory, Occupied",PS,PSE,275,Exclusively Breastfed for the First Two Days After Birth,2020,58.4,Male
"Palestinian Territory, Occupied",PS,PSE,275,Exclusively Breastfed for the First Two Days After Birth,2010,71.7,Total
"Palestinian Territory, Occupied",PS,PSE,275,Exclusively Breastfed for the First Two Days After Birth,2014,58.1,Total
"Palestinian Territory, Occupied",PS,PSE,275,Exclusively Breastfed for the First Two Days After Birth,2020,59.3,Total
Sudan,SD,SDN,736,Exclusively Breastfed for the First Two Days After Birth,2014,67.1,Total
Suriname,SR,SUR,740,Exclusively Breastfed for the First Two Days After Birth,2018,54.1,Female
Suriname,SR,SUR,740,Exclusively Breastfed for the First Two Days After Birth,2018,45.5,Male
Suriname,SR,SUR,740,Exclusively Breastfed for the First Two Days After Birth,2010,41.1,Total
Suriname,SR,SUR,740,Exclusively Breastfed for the First Two Days After Birth,2018,49.6,Total
Tajikistan,TJ,TJK,762,Exclusively Breastfed for the First Two Days After Birth,2012,83.5,Female
Tajikistan,TJ,TJK,762,Exclusively Breastfed for the First Two Days After Birth,2012,83.3,Male
Tajikistan,TJ,TJK,762,Exclusively Breastfed for the First Two Days After Birth,2012,83.4,Total
Thailand,TH,THA,764,Exclusively Breastfed for the First Two Days After Birth,2012,70.3,Total
Thailand,TH,THA,764,Exclusively Breastfed for the First Two Days After Birth,2016,73.4,Total
Thailand,TH,THA,764,Exclusively Breastfed for the First Two Days After Birth,2019,73.7,Total
Thailand,TH,THA,764,Exclusively Breastfed for the First Two Days After Birth,2022,73.3,Total
Timor-Leste,TL,TLS,626,Exclusively Breastfed for the First Two Days After Birth,2009,86.7,Female
Timor-Leste,TL,TLS,626,Exclusively Breastfed for the First Two Days After Birth,2016,78.6,Female
Timor-Leste,TL,TLS,626,Exclusively Breastfed for the First Two Days After Birth,2009,85.4,Male
Timor-Leste,TL,TLS,626,Exclusively Breastfed for the First Two Days After Birth,2016,78,Male
Timor-Leste,TL,TLS,626,Exclusively Breastfed for the First Two Days After Birth,2009,86.1,Total
Timor-Leste,TL,TLS,626,Exclusively Breastfed for the First Two Days After Birth,2016,78.3,Total
Togo,TG,TGO,768,Exclusively Breastfed for the First Two Days After Birth,2014,87.3,Female
Togo,TG,TGO,768,Exclusively Breastfed for the First Two Days After Birth,2017,86.1,Female
Togo,TG,TGO,768,Exclusively Breastfed for the First Two Days After Birth,2014,84.6,Male
Togo,TG,TGO,768,Exclusively Breastfed for the First Two Days After Birth,2017,83,Male
Togo,TG,TGO,768,Exclusively Breastfed for the First Two Days After Birth,2010,81.6,Total
Togo,TG,TGO,768,Exclusively Breastfed for the First Two Days After Birth,2014,85.9,Total
Togo,TG,TGO,768,Exclusively Breastfed for the First Two Days After Birth,2017,84.5,Total
Tonga,TO,TON,776,Exclusively Breastfed for the First Two Days After Birth,2019,82.2,Female
Tonga,TO,TON,776,Exclusively Breastfed for the First Two Days After Birth,2019,68.3,Male
Tonga,TO,TON,776,Exclusively Breastfed for the First Two Days After Birth,2019,75.3,Total
Trinidad and Tobago,TT,TTO,780,Exclusively Breastfed for the First Two Days After Birth,2011,58.7,Total
Tunisia,TN,TUN,788,Exclusively Breastfed for the First Two Days After Birth,2018,58,Female
Tunisia,TN,TUN,788,Exclusively Breastfed for the First Two Days After Birth,2018,53.1,Male
Tunisia,TN,TUN,788,Exclusively Breastfed for the First Two Days After Birth,2012,47.2,Total
Tunisia,TN,TUN,788,Exclusively Breastfed for the First Two Days After Birth,2018,55.4,Total
Turkmenistan,TM,TKM,795,Exclusively Breastfed for the First Two Days After Birth,2019,96.8,Female
Turkmenistan,TM,TKM,795,Exclusively Breastfed for the First Two Days After Birth,2019,95.7,Male
Turkmenistan,TM,TKM,795,Exclusively Breastfed for the First Two Days After Birth,2015,96.1,Total
Turkmenistan,TM,TKM,795,Exclusively Breastfed for the First Two Days After Birth,2019,96.2,Total
Turks and Caicos Islands,TC,TCA,796,Exclusively Breastfed for the First Two Days After Birth,2020,78.8,Female
Turks and Caicos Islands,TC,TCA,796,Exclusively Breastfed for the First Two Days After Birth,2020,74.6,Male
Turks and Caicos Islands,TC,TCA,796,Exclusively Breastfed for the First Two Days After Birth,2020,77.3,Total
Tuvalu,TV,TUV,798,Exclusively Breastfed for the First Two Days After Birth,2019,73.3,Female
Tuvalu,TV,TUV,798,Exclusively Breastfed for the First Two Days After Birth,2019,60.9,Male
Tuvalu,TV,TUV,798,Exclusively Breastfed for the First Two Days After Birth,2019,66.8,Total
Turkey,TR,TUR,792,Exclusively Breastfed for the First Two Days After Birth,2004,60.3,Female
Turkey,TR,TUR,792,Exclusively Breastfed for the First Two Days After Birth,2004,58.8,Male
Turkey,TR,TUR,792,Exclusively Breastfed for the First Two Days After Birth,2004,59.5,Total
Uganda,UG,UGA,800,Exclusively Breastfed for the First Two Days After Birth,2000,38.1,Female
Uganda,UG,UGA,800,Exclusively Breastfed for the First Two Days After Birth,2006,46.2,Female
Uganda,UG,UGA,800,Exclusively Breastfed for the First Two Days After Birth,2011,58.5,Female
Uganda,UG,UGA,800,Exclusively Breastfed for the First Two Days After Birth,2016,71.4,Female
Uganda,UG,UGA,800,Exclusively Breastfed for the First Two Days After Birth,2000,35.6,Male
Uganda,UG,UGA,800,Exclusively Breastfed for the First Two Days After Birth,2006,45.3,Male
Uganda,UG,UGA,800,Exclusively Breastfed for the First Two Days After Birth,2011,56,Male
Uganda,UG,UGA,800,Exclusively Breastfed for the First Two Days After Birth,2016,71.8,Male
Uganda,UG,UGA,800,Exclusively Breastfed for the First Two Days After Birth,2000,36.8,Total
Uganda,UG,UGA,800,Exclusively Breastfed for the First Two Days After Birth,2006,45.8,Total
Uganda,UG,UGA,800,Exclusively Breastfed for the First Two Days After Birth,2011,57.2,Total
Uganda,UG,UGA,800,Exclusively Breastfed for the First Two Days After Birth,2016,71.6,Total
Uganda,UG,UGA,800,Exclusively Breastfed for the First Two Days After Birth,2020,69.4,Total
Ukraine,UA,UKR,804,Exclusively Breastfed for the First Two Days After Birth,2007,72.2,Female
Ukraine,UA,UKR,804,Exclusively Breastfed for the First Two Days After Birth,2007,77.3,Male
Ukraine,UA,UKR,804,Exclusively Breastfed for the First Two Days After Birth,2007,74.9,Total
Ukraine,UA,UKR,804,Exclusively Breastfed for the First Two Days After Birth,2012,81,Total
"Tanzania, United Republic of",TZ,TZA,834,Exclusively Breastfed for the First Two Days After Birth,2010,67.4,Female
"Tanzania, United Republic of",TZ,TZA,834,Exclusively Breastfed for the First Two Days After Birth,2015,85.8,Female
"Tanzania, United Republic of",TZ,TZA,834,Exclusively Breastfed for the First Two Days After Birth,2010,66.4,Male
"Tanzania, United Republic of",TZ,TZA,834,Exclusively Breastfed for the First Two Days After Birth,2015,83.7,Male
"Tanzania, United Republic of",TZ,TZA,834,Exclusively Breastfed for the First Two Days After Birth,2010,66.9,Total
"Tanzania, United Republic of",TZ,TZA,834,Exclusively Breastfed for the First Two Days After Birth,2015,84.7,Total
Uruguay,UY,URY,858,Exclusively Breastfed for the First Two Days After Birth,2013,78.1,Total
Uzbekistan,UZ,UZB,860,Exclusively Breastfed for the First Two Days After Birth,2021,59.1,Female
Uzbekistan,UZ,UZB,860,Exclusively Breastfed for the First Two Days After Birth,2021,58.4,Male
Uzbekistan,UZ,UZB,860,Exclusively Breastfed for the First Two Days After Birth,2021,58.7,Total
Vietnam,VN,VNM,704,Exclusively Breastfed for the First Two Days After Birth,2020,37.4,Female
Vietnam,VN,VNM,704,Exclusively Breastfed for the First Two Days After Birth,2020,36.7,Male
Vietnam,VN,VNM,704,Exclusively Breastfed for the First Two Days After Birth,2010,36.5,Total
Vietnam,VN,VNM,704,Exclusively Breastfed for the First Two Days After Birth,2014,24.7,Total
Vietnam,VN,VNM,704,Exclusively Breastfed for the First Two Days After Birth,2020,37.1,Total
Yemen,YE,YEM,887,Exclusively Breastfed for the First Two Days After Birth,2013,29.9,Female
Yemen,YE,YEM,887,Exclusively Breastfed for the First Two Days After Birth,2013,29.8,Male
Yemen,YE,YEM,887,Exclusively Breastfed for the First Two Days After Birth,2013,29.8,Total
Zambia,ZM,ZMB,894,Exclusively Breastfed for the First Two Days After Birth,2002,74.6,Female
Zambia,ZM,ZMB,894,Exclusively Breastfed for the First Two Days After Birth,2007,88.9,Female
Zambia,ZM,ZMB,894,Exclusively Breastfed for the First Two Days After Birth,2013,94.2,Female
Zambia,ZM,ZMB,894,Exclusively Breastfed for the First Two Days After Birth,2018,91.3,Female
Zambia,ZM,ZMB,894,Exclusively Breastfed for the First Two Days After Birth,2002,74,Male
Zambia,ZM,ZMB,894,Exclusively Breastfed for the First Two Days After Birth,2007,88.9,Male
Zambia,ZM,ZMB,894,Exclusively Breastfed for the First Two Days After Birth,2013,92.3,Male
Zambia,ZM,ZMB,894,Exclusively Breastfed for the First Two Days After Birth,2018,91.2,Male
Zambia,ZM,ZMB,894,Exclusively Breastfed for the First Two Days After Birth,2002,74.3,Total
Zambia,ZM,ZMB,894,Exclusively Breastfed for the First Two Days After Birth,2007,88.9,Total
Zambia,ZM,ZMB,894,Exclusively Breastfed for the First Two Days After Birth,2013,93.2,Total
Zambia,ZM,ZMB,894,Exclusively Breastfed for the First Two Days After Birth,2018,91.3,Total
Zimbabwe,ZW,ZWE,716,Exclusively Breastfed for the First Two Days After Birth,2005,88.7,Female
Zimbabwe,ZW,ZWE,716,Exclusively Breastfed for the First Two Days After Birth,2010,82.9,Female
Zimbabwe,ZW,ZWE,716,Exclusively Breastfed for the First Two Days After Birth,2015,84.8,Female
Zimbabwe,ZW,ZWE,716,Exclusively Breastfed for the First Two Days After Birth,2019,87.2,Female
Zimbabwe,ZW,ZWE,716,Exclusively Breastfed for the First Two Days After Birth,2005,87.9,Male
Zimbabwe,ZW,ZWE,716,Exclusively Breastfed for the First Two Days After Birth,2010,84.8,Male
Zimbabwe,ZW,ZWE,716,Exclusively Breastfed for the First Two Days After Birth,2015,86.8,Male
Zimbabwe,ZW,ZWE,716,Exclusively Breastfed for the First Two Days After Birth,2019,86.8,Male
Zimbabwe,ZW,ZWE,716,Exclusively Breastfed for the First Two Days After Birth,2005,88.3,Total
Zimbabwe,ZW,ZWE,716,Exclusively Breastfed for the First Two Days After Birth,2010,83.8,Total
Zimbabwe,ZW,ZWE,716,Exclusively Breastfed for the First Two Days After Birth,2014,91.3,Total
Zimbabwe,ZW,ZWE,716,Exclusively Breastfed for the First Two Days After Birth,2015,85.8,Total
Zimbabwe,ZW,ZWE,716,Exclusively Breastfed for the First Two Days After Birth,2019,87,Total
